method,source_time,target_time,branch_leakage,major_branch_leakage,rare_branch_leakage,target_fate_mass_error,rare_fate_mass_error,pred_rare_fraction,target_rare_fraction,toy_label_scope
random,0.5,1.0,0.09375,0.0546218487394958,0.4186046511627907,0.057500000000000065,0.02875000000000001,0.11125,0.14,toy-only controlled fate labels; not generalized to EB
ot,0.5,1.0,0.0975,0.06162464985994398,0.3953488372093023,0.040000000000000036,0.020000000000000018,0.12,0.14,toy-only controlled fate labels; not generalized to EB
oracle_fate_preserving,0.5,1.0,0.0825,0.023809523809523808,0.5697674418604651,0.14500000000000002,0.07250000000000001,0.0675,0.14,toy-only controlled fate labels; not generalized to EB
label_shuffled_control,0.5,1.0,0.09125,0.047619047619047616,0.45348837209302323,0.07750000000000007,0.03875000000000001,0.10125,0.14,toy-only controlled fate labels; not generalized to EB
